,CustomerID,recencia,frecuencia,monto,cluster
2350,15545.0,54,2,292.71999999999997,3
1674,14626.0,24,4,2791.27,3
1903,14952.0,60,11,8099.49,2
1065,13787.0,76,2,309.04,3
3780,17521.0,30,3,723.2099999999999,3
828,13458.0,7,14,9646.57,2
971,13655.0,114,2,932.97,3
3549,17198.0,24,3,692.22,3
282,12693.0,127,4,855.91,3
343,12772.0,60,1,892.47,3
1944,15016.0,173,1,170.04,3
1424,14286.0,24,3,4628.75,3
1448,14320.0,207,2,477.79,1
212,12610.0,23,5,2099.54,3
839,13474.0,236,1,229.59,1
1611,14537.0,58,1,355.56,3
3978,17788.0,74,2,1117.9,3
1658,14600.0,306,1,393.33,1
2394,15605.0,36,5,1198.23,3
156,12541.0,30,3,981.18,3
246,12648.0,155,1,318.05,3
3171,16678.0,3,12,3109.99,3
3718,17434.0,2,7,2373.82,3
2299,15478.0,40,2,1441.42,3
154,12539.0,22,4,5568.35,3
2124,15241.0,67,8,1756.44,3
2934,16350.0,21,4,1116.47,3
683,13253.0,157,2,1030.4,3
195,12589.0,29,2,646.68,3
783,13389.0,11,3,797.96,3
461,12942.0,131,3,683.9,3
4316,18255.0,89,1,103.3,3
1810,14816.0,197,1,271.85,1
2535,15796.0,1,8,2711.56,3
99,12468.0,188,2,729.5400000000001,1
3401,16984.0,88,2,4481.35,3
1888,14924.0,246,1,310.05,1
4100,17958.0,117,1,508.4599999999999,3
3408,16992.0,11,5,1614.31,3
4310,18246.0,24,2,596.1,3
1904,14953.0,25,1,289.82,3
4142,18016.0,32,5,1483.56,3
172,12562.0,8,7,3781.74,3
1207,13984.0,27,5,920.51,3
1209,13986.0,17,1,320.46,3
2989,16419.0,113,6,972.23,3
1362,14199.0,218,1,185.4,1
520,13028.0,23,2,661.3199999999999,3
3212,16730.0,52,3,743.11,3
3872,17649.0,138,1,868.49,3
3614,17295.0,29,3,556.95,3
868,13507.0,3,4,2479.16,3
823,13451.0,26,5,2976.15,3
770,13368.0,257,2,623.4,1
2313,15500.0,8,4,1131.56,3
2593,15867.0,5,15,3812.64,2
1251,14045.0,109,4,1659.75,3
186,12580.0,247,1,415.7,1
1176,13939.0,23,3,568.55,3
3086,16556.0,67,7,3313.79,3
2524,15781.0,25,3,345.46,3
1596,14518.0,64,1,174.37,3
1162,13924.0,2,6,1838.85,3
2864,16244.0,212,2,1522.75,1
2980,16407.0,13,10,2126.93,3
3661,17362.0,239,2,312.23,1
4221,18127.0,19,3,348.73,3
768,13365.0,34,2,2225.37,3
2382,15589.0,256,3,478.53,1
976,13662.0,86,3,897.76,3
608,13147.0,10,4,712.8000000000001,3
3334,16893.0,367,1,145.93,1
73,12435.0,80,2,7829.89,2
2253,15416.0,65,4,3984.32,3
1505,14404.0,34,6,1474.32,3
4067,17913.0,59,2,411.6,3
1501,14397.0,3,19,2612.96,2
2536,15797.0,113,4,2207.4,3
4001,17829.0,299,1,889.24,1
2850,16225.0,45,5,1096.32,3
1231,14019.0,47,3,1421.61,3
3007,16445.0,34,1,230.51,3
4104,17964.0,32,2,471.7,3
2819,16185.0,17,2,529.41,3
2810,16175.0,94,4,1037.59,3
1761,14745.0,113,5,1220.26,3
616,13159.0,9,4,1437.85,3
3654,17354.0,51,1,1393.06,3
1826,14841.0,53,6,3295.76,3
516,13021.0,4,9,2616.38,3
4250,18170.0,33,3,980.31,3
2098,15211.0,60,2,894.4100000000001,3
114,12489.0,336,1,334.93,1
3277,16811.0,5,2,547.07,3
1159,13919.0,59,2,384.81,3
755,13349.0,11,1,247.32,3
4020,17856.0,2,4,1418.03,3
370,12817.0,281,1,166.04,1
2537,15799.0,76,3,884.14,3
9,12356.0,23,3,2811.43,3
637,13187.0,337,1,236.02,1
2679,16003.0,30,5,2735.37,3
2979,16406.0,19,1,163.07,3
182,12576.0,36,5,1315.83,3
480,12970.0,7,4,452.24,3
3129,16618.0,31,5,2647.59,3
3520,17157.0,8,2,319.0,3
766,13363.0,18,2,992.5,3
1483,14368.0,320,1,155.0,1
3838,17602.0,2,6,5102.97,3
3746,17472.0,191,3,710.29,1
988,13681.0,18,4,827.83,3
4197,18096.0,12,3,911.15,3
1525,14427.0,50,2,363.34,3
2182,15318.0,4,1,312.62,3
3658,17359.0,11,1,127.86,3
2111,15225.0,234,1,409.4,1
1387,14232.0,43,5,2048.07,3
1342,14167.0,39,4,574.84,3
3779,17520.0,54,1,546.81,3
1068,13792.0,66,2,195.55,3
34,12388.0,16,6,2780.66,3
2243,15402.0,149,2,626.77,3
3492,17114.0,6,8,808.62,3
2337,15528.0,254,1,229.33,1
1710,14673.0,3,5,1736.4,3
1205,13982.0,39,4,1871.81,3
699,13273.0,113,1,138.98,3
348,12782.0,5,5,2330.92,3
3038,16484.0,174,2,404.3,1
4228,18139.0,18,6,8438.34,2
1091,13822.0,6,2,632.0,3
1060,13780.0,7,2,360.01,3
4111,17972.0,242,1,136.04,1
3972,17779.0,21,3,658.57,3
3466,17076.0,36,3,841.0799999999999,3
2015,15103.0,31,2,703.36,3
1513,14413.0,362,1,122.7,1
3361,16928.0,80,17,2847.6,2
3295,16835.0,128,2,180.85,3
18,12365.0,291,2,641.38,1
4009,17839.0,42,1,338.8,3
1221,14002.0,134,2,529.73,3
413,12873.0,282,1,374.0,1
908,13564.0,144,3,1749.02,3
2364,15565.0,50,2,173.16,3
2026,15115.0,18,1,340.11,3
2995,16427.0,263,2,241.06,1
628,13174.0,16,3,2817.03,3
3031,16475.0,88,4,544.3,3
4170,18062.0,173,3,720.52,1
72,12434.0,85,2,806.14,3
203,12598.0,10,8,3023.08,3
797,13411.0,107,1,213.55,3
4309,18245.0,7,7,2567.06,3
1792,14790.0,17,4,745.06,3
2271,15440.0,55,3,383.68,3
3514,17147.0,23,4,1714.59,3
3270,16804.0,23,3,536.99,3
882,13522.0,30,1,125.8,3
3151,16650.0,72,1,518.42,3
4127,17994.0,122,4,678.49,3
688,13261.0,269,2,944.1,1
3677,17383.0,4,1,199.29,3
4273,18200.0,106,1,163.8,3
3669,17373.0,40,4,646.92,3
1675,14628.0,91,2,671.96,3
2946,16363.0,53,1,109.36,3
1030,13739.0,18,1,216.9,3
2714,16045.0,120,4,1340.7,3
4248,18168.0,176,6,1169.94,3
3164,16668.0,15,6,306.71999999999997,3
527,13037.0,138,3,881.07,3
15,12362.0,3,10,5226.23,2
3831,17593.0,4,5,3927.34,3
1373,14215.0,12,6,1789.72,3
2541,15803.0,51,1,415.8200000000001,3
844,13481.0,46,5,1804.56,3
3522,17159.0,22,3,1538.88,3
3184,16696.0,135,4,657.9000000000001,3
1919,14971.0,35,3,1116.57,3
3805,17555.0,20,2,483.26,3
1462,14340.0,219,1,134.7,1
2202,15346.0,333,1,252.42,1
842,13477.0,38,6,1454.58,3
1489,14381.0,52,1,202.68,3
2692,16017.0,47,1,211.88,3
567,13094.0,21,12,1927.32,3
3806,17556.0,206,1,157.9,1
877,13517.0,60,3,2128.42,3
4004,17832.0,50,1,155.37,3
851,13488.0,17,13,8968.31,2
2791,16149.0,5,2,280.52,3
3536,17179.0,178,3,711.79,1
336,12759.0,52,3,1531.44,3
781,13385.0,330,1,534.57,1
1740,14714.0,24,1,160.19,3
3878,17655.0,11,7,2638.94,3
1716,14684.0,26,5,1236.28,3
2195,15335.0,54,1,173.97,3
3655,17356.0,312,1,178.22,1
3153,16653.0,16,2,1212.66,3
726,13311.0,4,2,598.57,3
2303,15484.0,1,4,3594.31,3
308,12724.0,5,4,1031.41,3
554,13077.0,1,4,729.27,3
927,13590.0,11,6,1981.92,3
191,12585.0,234,2,2040.1,1
2031,15120.0,134,1,358.82,3
3393,16969.0,39,3,650.41,3
332,12755.0,281,2,3811.95,1
2096,15208.0,1,5,870.12,3
537,13050.0,15,17,5836.86,2
3407,16990.0,219,1,179.0,1
4116,17977.0,29,1,288.14,3
1636,14569.0,1,1,227.39,3
1073,13802.0,139,3,4599.42,3
2403,15618.0,33,4,776.851,3
3730,17453.0,18,2,486.72,3
218,12616.0,95,2,713.3,3
1330,14152.0,75,2,621.29,3
881,13521.0,1,3,1093.65,3
137,12518.0,1,5,2056.89,3
4302,18235.0,72,3,1796.48,3
2996,16429.0,106,1,284.55,3
3925,17714.0,321,1,153.0,1
3451,17053.0,131,1,498.48,3
4178,18072.0,186,1,247.44,1
802,13419.0,64,1,221.06,3
1739,14713.0,9,11,2666.36,3
3332,16891.0,2,5,809.7,3
3937,17730.0,3,13,5298.4800000000005,2
2760,16112.0,143,4,195.74,3
3172,16679.0,366,1,129.75,1
2135,15255.0,67,1,890.85,3
2591,15865.0,41,3,895.13,3
3493,17115.0,8,3,837.5,3
3224,16747.0,38,2,836.06,3
2198,15342.0,130,1,406.09,3
3632,17324.0,18,4,990.23,3
3421,17015.0,29,3,1842.56,3
311,12727.0,11,7,3980.7,3
1154,13908.0,80,4,2369.55,3
2481,15721.0,12,1,507.08,3
4203,18105.0,38,1,113.48000000000002,3
3037,16483.0,192,1,139.35,1
2680,16005.0,12,4,615.39,3
1511,14411.0,311,1,1063.0,1
2564,15831.0,58,3,801.76,3
4311,18248.0,123,2,804.02,3
1885,14920.0,213,2,977.77,1
600,13138.0,22,6,962.39,3
4193,18092.0,2,11,9068.26,2
2634,15935.0,239,2,416.86,1
4169,18061.0,22,10,2119.41,3
490,12987.0,74,2,558.7,3
920,13579.0,15,2,467.04,3
139,12520.0,79,5,2634.26,3
1232,14020.0,17,2,642.8,3
1915,14966.0,15,1,191.32,3
4041,17881.0,304,1,133.35000000000002,1
1247,14039.0,33,1,152.2,3
4037,17877.0,170,1,237.61,3
2713,16043.0,38,4,773.99,3
1533,14439.0,320,1,2661.24,1
496,12994.0,4,3,974.42,3
33,12386.0,338,2,401.9,1
1351,14180.0,11,25,4748.52,2
3419,17011.0,30,1,270.9,3
3987,17800.0,37,9,1199.01,3
2710,16040.0,65,3,1313.55,3
4150,18032.0,334,1,73.5,1
2113,15227.0,37,5,1219.4,3
3663,17365.0,13,8,4801.56,3
3009,16447.0,136,1,259.01,3
3385,16959.0,87,1,117.35,3
3897,17678.0,264,1,298.11,1
630,13177.0,65,1,282.45,3
1649,14587.0,19,9,1601.14,3
1652,14592.0,35,3,570.46,3
390,12840.0,144,4,2726.77,3
1088,13817.0,29,2,382.98,3
3733,17456.0,365,1,249.86,1
521,13029.0,31,3,1247.5,3
237,12639.0,239,1,486.1,1
1203,13979.0,73,1,869.87,3
848,13485.0,233,1,454.24,1
176,12567.0,23,10,9401.28,2
1590,14511.0,11,5,1314.81,3
2824,16190.0,40,1,215.08,3
2841,16213.0,79,1,159.0,3
2464,15699.0,18,1,309.65,3
4024,17860.0,369,1,252.8,1
1226,14012.0,278,1,328.8,1
3822,17580.0,253,3,215.72,1
1722,14692.0,137,4,591.55,3
323,12743.0,134,2,546.43,3
3575,17235.0,25,2,550.06,3
3442,17044.0,25,1,948.48,3
2421,15643.0,192,3,664.0,1
